{"train_loss": 1.1999833583831787, "_timestamp": 1722789130.0508296, "_runtime": 92.80494260787964, "_step": 3000, "val_loss": 1.2616706988932131, "_wandb": {"runtime": 92}}