{"train_loss": 1.1930902004241943, "_timestamp": 1722788900.7320764, "_runtime": 85.22655534744263, "_step": 3000, "val_loss": 1.291174581974947, "_wandb": {"runtime": 84}}