{"train_loss": 1.0485235452651978, "_timestamp": 1722788565.6179144, "_runtime": 82.98757243156433, "_step": 3000, "val_loss": 1.105552986345067, "_wandb": {"runtime": 82}}