{"train_loss": 1.2587409019470215, "_timestamp": 1722789916.029034, "_runtime": 94.50439500808716, "_step": 3000, "val_loss": 1.2986225508666327, "_wandb": {"runtime": 94}}