{"train_loss": 0.5992804765701294, "_timestamp": 1722792408.2406852, "_runtime": 90.39557027816772, "_step": 4000, "val_loss": 2.206662351073264, "_wandb": {"runtime": 89}}