{"train_loss": 1.1930902004241943, "_timestamp": 1722789575.9049115, "_runtime": 83.25674843788147, "_step": 3000, "val_loss": 1.291174581974947, "_wandb": {"runtime": 82}}