{"train_loss": 0.771446943283081, "_timestamp": 1722793995.1735911, "_runtime": 107.8801760673523, "_step": 4000, "val_loss": 1.462953215528019, "_wandb": {"runtime": 107}}