{"train_loss": 0.9449353814125061, "_timestamp": 1722792155.8459795, "_runtime": 106.42478251457214, "_step": 4000, "val_loss": 1.6103766520818075, "_wandb": {"runtime": 105}}