{"train_loss": 1.2225743532180786, "_timestamp": 1722789376.5166507, "_runtime": 81.712486743927, "_step": 3000, "val_loss": 1.2595985529632727, "_wandb": {"runtime": 81}}