{"train_loss": 1.2244389057159424, "_timestamp": 1722788793.1116035, "_runtime": 93.71772360801697, "_step": 3000, "val_loss": 1.2584282994270324, "_wandb": {"runtime": 93}}