{"experiment": ["plain_addition_decoder", "reversed_addition_decoder", "plain_addition_encoder", "reversed_addition_encoder"], "accuracy_mean": [0.9617828571428572, 0.9917685714285713, 0.9843857142857143, 0.98566], "accuracy_std": [0.020804374343794504, 0.00801290489759857, 0.007414706841879895, 0.012539730817668767], "accuracy_median": [0.9684571428571429, 0.9966142857142857, 0.9834714285714286, 0.9900285714285715], "n_trials": [5, 5, 5, 5], "trial_accuracies": [[0.9782714285714286, 0.9214571428571429, 0.9642714285714286, 0.9684571428571429, 0.9764571428571429], [0.9987857142857143, 0.9966142857142857, 0.9840571428571429, 0.9991857142857142, 0.9802], [0.9777285714285714, 0.9848571428571429, 0.9980428571428571, 0.9834714285714286, 0.9778285714285714], [0.9813285714285714, 0.9633285714285714, 0.9900285714285715, 0.9960428571428571, 0.9975714285714286]]}