{"train_loss": 1.197896122932434, "_timestamp": 1722789684.3805223, "_runtime": 82.83702635765076, "_step": 3000, "val_loss": 1.2625258841529503, "_wandb": {"runtime": 82}}