{"train_loss": 0.93208909034729, "_timestamp": 1722793725.9968026, "_runtime": 93.12777662277222, "_step": 4000, "val_loss": 1.1814162508354547, "_wandb": {"runtime": 92}}