{"train_loss": 1.0851918458938599, "_timestamp": 1722788223.2539217, "_runtime": 79.60828685760498, "_step": 3000, "val_loss": 1.1027765462244745, "_wandb": {"runtime": 79}}