{"train_loss": 1.1959333419799805, "_timestamp": 1722790388.7995546, "_runtime": 92.7990825176239, "_step": 3000, "val_loss": 1.3449150031337367, "_wandb": {"runtime": 92}}