{"experiment": ["plain_addition_dollar_signs_true", "reversed_addition_dollar_signs_true", "plain_addition_dollar_signs_false", "reversed_addition_dollar_signs_false"], "accuracy_mean": [0.9464400000000002, 0.995008, 0.8156373333333333, 0.9080320000000001], "accuracy_std": [0.016961788165691084, 0.003336452940207953, 0.015814622544411926, 0.009378153715476786], "n_trials": [5, 5, 5, 5]}