{"train_loss": 1.0646885633468628, "_timestamp": 1722787553.1173542, "_runtime": 97.55251622200012, "_step": 3000, "val_loss": 1.0752848463173887, "_wandb": {"runtime": 97}}