{"train_loss": 1.206959843635559, "_timestamp": 1722790272.053056, "_runtime": 84.27388310432434, "_step": 3000, "val_loss": 1.358719312599118, "_wandb": {"runtime": 83}}