{"train_loss": 0.8074021935462952, "_timestamp": 1722794382.504561, "_runtime": 107.94454598426819, "_step": 4000, "val_loss": 1.4235434616199187, "_wandb": {"runtime": 107}}