{"train_loss": 0.9847239255905151, "_timestamp": 1722793608.9169388, "_runtime": 93.25723576545715, "_step": 4000, "val_loss": 1.134207451076251, "_wandb": {"runtime": 92}}