{"train_loss": 0.4034463167190552, "_timestamp": 1722792928.3255792, "_runtime": 106.60437726974487, "_step": 4000, "val_loss": 2.7858404104333174, "_wandb": {"runtime": 106}}