{"train_loss": 1.2206569910049438, "_timestamp": 1722790160.7961247, "_runtime": 95.21249175071716, "_step": 3000, "val_loss": 1.3136162160572253, "_wandb": {"runtime": 94}}