{"train_loss": 0.826214075088501, "_timestamp": 1722794504.6372688, "_runtime": 94.33522772789001, "_step": 4000, "val_loss": 1.3789774910235275, "_wandb": {"runtime": 93}}