{"train_loss": 0.9483174085617065, "_timestamp": 1722794116.9320004, "_runtime": 93.41521835327148, "_step": 4000, "val_loss": 1.2257572331297328, "_wandb": {"runtime": 92}}