{"train_loss": 1.0439696311950684, "_timestamp": 1722788023.797984, "_runtime": 85.46384286880493, "_step": 3000, "val_loss": 1.0829259026152183, "_wandb": {"runtime": 84}}