{"train_loss": 1.022794246673584, "_timestamp": 1722793371.815791, "_runtime": 96.12040400505066, "_step": 4000, "val_loss": 1.1104628104150482, "_wandb": {"runtime": 95}}