{"train_loss": 0.9969604015350342, "_timestamp": 1722792660.8186212, "_runtime": 95.08478116989136, "_step": 4000, "val_loss": 1.5456652809179148, "_wandb": {"runtime": 94}}