{"train_loss": 1.1601300239562988, "_timestamp": 1722790038.0741553, "_runtime": 94.46912240982056, "_step": 3000, "val_loss": 1.3112346414758378, "_wandb": {"runtime": 94}}