{"train_loss": 1.0612995624542236, "_timestamp": 1722788116.0288622, "_runtime": 69.45417523384094, "_step": 3000, "val_loss": 1.1005554107726292, "_wandb": {"runtime": 69}}