{"train_loss": 1.1999833583831787, "_timestamp": 1722789793.783923, "_runtime": 82.49483299255371, "_step": 3000, "val_loss": 1.2616706988932131, "_wandb": {"runtime": 82}}