{"train_loss": 1.197896122932434, "_timestamp": 1722789013.1416788, "_runtime": 92.94363188743591, "_step": 3000, "val_loss": 1.2625258841529503, "_wandb": {"runtime": 92}}