{"train_loss": 0.35443949699401855, "_timestamp": 1722793063.8120036, "_runtime": 105.54523468017578, "_step": 4000, "val_loss": 2.9727087710670017, "_wandb": {"runtime": 105}}