{"experiment": ["plain_addition_decoder", "reversed_addition_decoder", "plain_addition_encoder", "reversed_addition_encoder"], "accuracy_mean": [0.9013919999999999, 0.9927040000000001, 0.9382346666666667, 0.9831413333333334], "accuracy_std": [0.03542749074439855, 0.005021343954671028, 0.03011109692824594, 0.011703321010152062], "accuracy_median": [0.9052666666666667, 0.99464, 0.9471066666666667, 0.98496], "n_trials": [5, 5, 5, 5], "trial_accuracies": [[0.9052666666666667, 0.8358, 0.9032933333333333, 0.9404, 0.9222], [0.9835733333333333, 0.9957866666666667, 0.99464, 0.998, 0.99152], [0.971, 0.8816933333333333, 0.9517333333333333, 0.93964, 0.9471066666666667], [0.979, 0.9630933333333334, 0.98496, 0.9968, 0.9918533333333334]]}