{"train_loss": 0.43179115653038025, "_timestamp": 1722792290.7965164, "_runtime": 107.00432133674622, "_step": 4000, "val_loss": 2.680875685542091, "_wandb": {"runtime": 106}}