{"train_loss": 1.0418269634246826, "_timestamp": 1722793491.7334323, "_runtime": 95.29176235198975, "_step": 4000, "val_loss": 1.1070845684447845, "_wandb": {"runtime": 94}}