{"experiment": ["plain_addition_decoder", "reversed_addition_decoder", "plain_addition_encoder", "reversed_addition_encoder"], "accuracy_mean": [0.7406666666666666, 0.9481573333333333, 0.829288, 0.9619306666666667], "accuracy_std": [0.0313289801231313, 0.04670163444201453, 0.08707718919569134, 0.019622377067465037], "accuracy_median": [0.74616, 0.97828, 0.88976, 0.9575066666666666], "n_trials": [5, 5, 5, 5], "trial_accuracies": [[0.7831866666666667, 0.74616, 0.75332, 0.7334533333333333, 0.6872133333333333], [0.97828, 0.9797066666666666, 0.8591466666666666, 0.9806133333333333, 0.94304], [0.88976, 0.9013066666666667, 0.7010266666666667, 0.7477733333333333, 0.9065733333333333], [0.9575066666666666, 0.988, 0.9431333333333334, 0.9813466666666667, 0.9396666666666667]]}