{"train_loss": 0.7075981497764587, "_timestamp": 1722792017.9718316, "_runtime": 105.52147245407104, "_step": 4000, "val_loss": 2.0057522537436197, "_wandb": {"runtime": 105}}