{"train_loss": 1.0627713203430176, "_timestamp": 1722787800.299229, "_runtime": 94.64774084091187, "_step": 3000, "val_loss": 1.091478588549011, "_wandb": {"runtime": 94}}