{"train_loss": 1.0988963842391968, "_timestamp": 1722788345.1654825, "_runtime": 94.33912658691406, "_step": 3000, "val_loss": 1.1196229430921358, "_wandb": {"runtime": 93}}