{"train_loss": 1.0832964181900024, "_timestamp": 1722787677.9002144, "_runtime": 95.60065937042236, "_step": 3000, "val_loss": 1.0902190829839506, "_wandb": {"runtime": 95}}