{"train_loss": 1.0534310340881348, "_timestamp": 1722787910.047904, "_runtime": 81.86951994895935, "_step": 3000, "val_loss": 1.0843396465749497, "_wandb": {"runtime": 81}}