{"train_loss": 1.2225743532180786, "_timestamp": 1722788675.079607, "_runtime": 80.95933103561401, "_step": 3000, "val_loss": 1.2595985529632727, "_wandb": {"runtime": 80}}