{"train_loss": 0.36128413677215576, "_timestamp": 1722792795.45954, "_runtime": 107.36442995071411, "_step": 4000, "val_loss": 3.0498048898552645, "_wandb": {"runtime": 106}}