{"train_loss": 1.2244389057159424, "_timestamp": 1722789469.8812654, "_runtime": 69.78784132003784, "_step": 3000, "val_loss": 1.2584282994270324, "_wandb": {"runtime": 69}}