{"experiment": ["plain_addition_decoder", "reversed_addition_decoder", "plain_addition_encoder", "reversed_addition_encoder"], "accuracy_mean": [0.9484960000000001, 0.8160133333333333, 0.9590773333333333, 0.9754240000000001], "accuracy_std": [0.02026965486742296, 0.3587305844409329, 0.04348029430545391, 0.02144447283360241], "accuracy_median": [0.9455066666666667, 0.9928666666666667, 0.9824533333333333, 0.9839333333333333], "n_trials": [5, 5, 5, 5], "trial_accuracies": [[0.9511733333333333, 0.9275733333333334, 0.9853333333333333, 0.9328933333333334, 0.9455066666666667], [0.9917733333333333, 0.9928666666666667, 0.09857333333333333, 0.9982266666666667, 0.9986266666666667], [0.9864, 0.87272, 0.9824533333333333, 0.9826666666666667, 0.9711466666666667], [0.9839333333333333, 0.9536933333333333, 0.9462133333333334, 0.9958666666666667, 0.9974133333333334]]}