{"train_loss": 0.9203156232833862, "_timestamp": 1722793859.004031, "_runtime": 109.73604989051819, "_step": 4000, "val_loss": 1.210656762123108, "_wandb": {"runtime": 109}}