{"train_loss": 0.3701699376106262, "_timestamp": 1722793183.9597127, "_runtime": 91.07366371154785, "_step": 4000, "val_loss": 2.9296617374852056, "_wandb": {"runtime": 90}}