{"train_loss": 0.8183284997940063, "_timestamp": 1722792538.0962605, "_runtime": 107.15146565437317, "_step": 4000, "val_loss": 1.8169514530328146, "_wandb": {"runtime": 105}}