{"train_loss": 1.0448386669158936, "_timestamp": 1722788455.7709513, "_runtime": 82.25663733482361, "_step": 3000, "val_loss": 1.0946349824008175, "_wandb": {"runtime": 81}}