{"train_loss": 1.0259395837783813, "_timestamp": 1722794246.0741181, "_runtime": 106.48843002319336, "_step": 4000, "val_loss": 1.125626062894374, "_wandb": {"runtime": 106}}